1;Fabio Rogerio;fabio-rogerio_1@gmail.com;2019-06-20 12:41:28.000;+55(27)2529-2222
3;visitante;visitante_3@gmail.com;2019-06-27 17:03:39.000;+55(26)2524-2423
5;ElisÃ¢ngela LourenÃ§o de Almeida;elisangela-lourenco-de-almeida_5@gmail.com;2019-07-15 08:33:15.000;+55(27)2921-2822
6;JosÃ© rafael;jose-rafael_6@gmail.com;2019-07-15 08:49:16.000;+55(24)2930-2521
7;Jamersom Ferreira alves;jamersom-ferreira-alves_7@gmail.com;2019-07-15 08:51:43.000;+55(22)2529-2028
8;Robson Fernandes;robson-fernandes_8@gmail.com;2019-07-16 07:56:22.000;+55(28)2627-2821
9;Gisele Lucia;gisele-lucia_9@gmail.com;2019-07-21 09:26:12.000;+55(24)2023-2626
11;Luiz Felipe da silva;luiz-felipe-da-silva_11@gmail.com;2019-07-21 09:30:48.000;+55(22)2528-2320
12;Leojaine da Silva soares;leojaine-da-silva-soares_12@gmail.com;2019-07-21 09:33:43.000;+55(28)2424-2220
13;Sandra Lucia Silva;sandra-lucia-silva_13@gmail.com;2019-07-21 21:47:07.000;+55(30)2924-2322
14;FlÃ¡vio Alexandre Cordeiro;flavio-alexandre-cordeiro_14@gmail.com;2019-07-26 13:58:06.000;+55(20)2322-2825
15;Ailtonjogos;ailtonjogos_15@gmail.com;2019-07-29 20:22:32.000;+55(29)2329-2220
16;Fabiojogos;fabiojogos_16@gmail.com;2019-07-29 20:24:24.000;+55(25)2120-2523
17;Leto;leto_17@gmail.com;2019-07-29 20:29:07.000;+55(29)2129-2829
18;Williams da Silva;williams-da-silva_18@gmail.com;2019-07-29 20:31:20.000;+55(24)2223-2929
19;Falajogos;falajogos_19@gmail.com;2019-07-29 20:33:17.000;+55(22)2029-2024
20;Paulo;paulo_20@gmail.com;2019-07-29 20:35:25.000;+55(25)2727-3028
21;Cildo;cildo_21@gmail.com;2019-07-30 08:40:10.000;+55(21)2222-2422
22;Leandro Silva lyra;leandro-silva-lyra_22@gmail.com;2019-07-30 08:41:35.000;+55(24)2920-2221
23;Ronaldo isac;ronaldo-isac_23@gmail.com;2019-07-30 08:43:11.000;+55(21)2421-2128
24;"Alison Pereira ";alison-pereira_24@gmail.com;2019-07-30 09:13:05.000;+55(25)3025-2727
25;Luiz carlos;luiz-carlos_25@gmail.com;2019-07-30 09:15:48.000;+55(27)2428-2428
26;Edmilson silva batista;edmilson-silva-batista_26@gmail.com;2019-07-30 09:18:29.000;+55(29)2627-2428
27;"Emerson vieira Novaes ";emerson-vieira-novaes_27@gmail.com;2019-07-30 09:20:01.000;+55(30)2625-2430
28;henriqueb;henriqueb_28@gmail.com;2019-07-30 09:22:00.000;+55(23)2425-2322
29;Jeferson da silva;jeferson-da-silva_29@gmail.com;2019-07-30 09:23:29.000;+55(24)2227-2523
30;Kiel da silva;kiel-da-silva_30@gmail.com;2019-07-30 09:24:53.000;+55(26)2328-2827
31;MarcÃ­lio borges;marcilio-borges_31@gmail.com;2019-07-30 09:26:51.000;+55(22)2226-2822
32;Maycon da siva;maycon-da-siva_32@gmail.com;2019-07-30 09:29:00.000;+55(25)2326-2230
33;Paulo santos;paulo-santos_33@gmail.com;2019-07-30 09:33:32.000;+55(22)3023-2823
34;Perneta;perneta_34@gmail.com;2019-07-30 09:37:37.000;+55(23)2628-2024
35;Rafael da silva;rafael-da-silva_35@gmail.com;2019-07-30 09:40:38.000;+55(23)2225-2830
36;"Thomaz Rodrigues ";thomaz-rodrigues_36@gmail.com;2019-07-30 09:43:57.000;+55(22)2522-2525
37;Vitoria de lima araujo;vitoria-de-lima-araujo_37@gmail.com;2019-07-30 09:45:25.000;+55(21)2130-2925
38;Antonio LourenÃ§o da silva junior;antonio-lourenco-da-silva-junior_38@gmail.com;2019-07-30 09:47:42.000;+55(30)2924-2725
39;Gilmar;gilmar_39@gmail.com;2019-08-01 17:02:46.000;+55(23)2324-2128
42;Danilo;danilo_42@gmail.com;2019-08-20 20:31:55.000;+55(29)3029-2528
44;Romulo;romulo_44@gmail.com;2019-08-20 21:02:04.000;+55(23)2020-2924
47;JosÃ© CÃ­cero bezerra;jose-cicero-bezerra_47@gmail.com;2019-08-29 21:16:26.000;+55(30)2521-2021
48;JÃºnior seixas;junior-seixas_48@gmail.com;2019-08-29 21:18:56.000;+55(28)2725-2826
49;Ivonete soares;ivonete-soares_49@gmail.com;2019-08-29 21:33:13.000;+55(23)2220-3030
50;Willian costa;willian-costa_50@gmail.com;2019-08-29 21:34:55.000;+55(30)2824-2525
51;Ubiratan silva;ubiratan-silva_51@gmail.com;2019-08-29 21:36:49.000;+55(21)3029-2920
52;Leonardo domingos dos santos;leonardo-domingos-dos-santos_52@gmail.com;2019-08-29 21:48:15.000;+55(22)2925-2426
53;Marcio Roberto da Silva lima;marcio-roberto-da-silva-lima_53@gmail.com;2019-08-29 21:50:58.000;+55(21)2323-2627
54;Wellington Jackson da Silva santos;wellington-jackson-da-silva-santos_54@gmail.com;2019-08-29 21:52:41.000;+55(29)2726-2523
57;Josilan Lopes dos santos;josilan-lopes-dos-santos_57@gmail.com;2019-08-29 21:56:33.000;+55(30)2721-2527
58;Franklin dos santos;franklin-dos-santos_58@gmail.com;2019-08-29 22:00:40.000;+55(23)2824-2125
59;Henrique2;henrique2_59@gmail.com;2019-08-29 22:02:19.000;+55(26)2821-2727
60;Wilian;wilian_60@gmail.com;2019-08-29 22:03:52.000;+55(25)2027-2920
61;Bruno cesar e silva;bruno-cesar-e-silva_61@gmail.com;2019-08-29 22:05:21.000;+55(23)2528-2729
62;Denize da silva;denize-da-silva_62@gmail.com;2019-08-29 22:11:44.000;+55(30)2528-2624
63;Jorge da silva;jorge-da-silva_63@gmail.com;2019-08-29 22:13:35.000;+55(29)2721-2221
64;Rogerio da silva;rogerio-da-silva_64@gmail.com;2019-08-29 22:15:16.000;+55(24)2723-3025
65;SebastiÃ£o Heleno da silva;sebastiao-heleno-da-silva_65@gmail.com;2019-08-29 22:16:53.000;+55(27)2228-3020
66;JoÃ£o Batista gomes;joao-batista-gomes_66@gmail.com;2019-08-29 22:27:39.000;+55(25)2023-2422
67;Mickaele Cristina da silva;mickaele-cristina-da-silva_67@gmail.com;2019-08-29 22:29:29.000;+55(30)3028-2324
68;Petrucio da silva;petrucio-da-silva_68@gmail.com;2019-08-29 22:30:51.000;+55(28)3021-3027
69;Edilma dos santos;edilma-dos-santos_69@gmail.com;2019-08-29 22:32:22.000;+55(26)2327-2729
70;Matheus;matheus_70@gmail.com;2019-08-30 22:41:53.000;+55(24)2023-2527
71;Ryan monteiro;ryan-monteiro_71@gmail.com;2019-09-03 11:40:16.000;+55(20)2220-2420
73;Roberto tenorio;roberto-tenorio_73@gmail.com;2019-09-04 17:37:36.000;+55(22)2727-2422
74;Samara Lais Da Silva Santos;samara-lais-da-silva-santos_74@gmail.com;2019-09-05 09:35:02.000;+55(24)2129-2429
75;Danilo;danilo_75@gmail.com;2019-09-05 18:50:17.000;+55(23)2520-2126
76;Danilo;danilo_76@gmail.com;2019-09-05 19:01:39.000;+55(21)2229-2525
77;Emanoel;emanoel_77@gmail.com;2019-09-05 23:49:05.000;+55(26)2924-2025
78;Maxson Barros do santos;maxson-barros-do-santos_78@gmail.com;2019-09-09 23:03:42.000;+55(22)2126-2529
79;Victor AraÃºjo;victor-araujo_79@gmail.com;2019-09-09 23:05:55.000;+55(22)2629-2724
80;"Luis Fernando ";luis-fernando_80@gmail.com;2019-09-09 23:08:11.000;+55(26)2222-3022
81;Jefferson;jefferson_81@gmail.com;2019-09-10 18:44:05.000;+55(21)2723-2621
83;Flavio junior;flavio-junior_83@gmail.com;2019-09-11 12:24:00.000;+55(22)2028-2122
84;Wesley;wesley_84@gmail.com;2019-09-12 16:06:52.000;+55(21)2324-3020
85;RONALDO MARTINS DE SOUZA;ronaldo-martins-de-souza_85@gmail.com;2019-09-13 07:07:10.000;+55(24)2822-2823
86;Jose adriano;jose-adriano_86@gmail.com;2019-09-13 18:15:15.000;+55(20)2530-2427
87;Adriano;adriano_87@gmail.com;2019-09-14 17:38:42.000;+55(25)2224-2524
88;Anderson albuquerque;anderson-albuquerque_88@gmail.com;2019-09-14 17:52:26.000;+55(29)2527-2125
89;Francisco Henrique Barreto Ayres;francisco-henrique-barreto-ayres_89@gmail.com;2019-09-16 23:57:05.000;+55(26)2322-2026
92;Kaue;kaue_92@gmail.com;2019-09-17 14:26:41.000;+55(23)2429-2123
93;Marcos eduardo;marcos-eduardo_93@gmail.com;2019-09-19 09:31:31.000;+55(25)2321-2030
94;idelmon;idelmon_94@gmail.com;2019-09-19 09:33:19.000;+55(29)3027-2026
95;Mauricio Neves;mauricio-neves_95@gmail.com;2019-09-19 09:34:39.000;+55(23)2423-2626
97;Carlos alberto;carlos-alberto_97@gmail.com;2019-09-19 09:43:05.000;+55(26)2520-2522
98;Kayc Silva;kayc-silva_98@gmail.com;2019-09-19 09:44:58.000;+55(22)2824-2528
99;Andre2;andre2_99@gmail.com;2019-09-19 09:46:09.000;+55(24)2121-2120
100;Thiago Santos;thiago-santos_100@gmail.com;2019-09-19 09:47:25.000;+55(23)2420-2329
101;Carlos Roberto Marques Da Silva;carlos-roberto-marques-da-silva_101@gmail.com;2019-09-19 20:07:58.000;+55(28)2429-2527
102;wilson silvestre de lima;wilson-silvestre-de-lima_102@gmail.com;2019-09-23 07:40:07.000;+55(20)2229-2629
103;Mara Carvalho;mara-carvalho_103@gmail.com;2019-09-23 11:05:54.000;+55(25)2028-2020
104;JÃºlio;julio_104@gmail.com;2019-09-23 21:46:51.000;+55(21)2225-2620
105;Enildo Lucindo da Silva;enildo-lucindo-da-silva_105@gmail.com;2019-09-24 16:21:33.000;+55(21)2420-2330
106;Dernival passos de Amarantes;dernival-passos-de-amarantes_106@gmail.com;2019-09-26 23:40:14.000;+55(29)2927-2322
107;JosÃ© rubian de goes;jose-rubian-de-goes_107@gmail.com;2019-09-28 10:09:43.000;+55(22)2023-2620
108;Angelica Dos Santos De Morais;angelica-dos-santos-de-morais_108@gmail.com;2019-09-28 11:48:16.000;+55(20)2521-3030
109;Alanderson;alanderson_109@gmail.com;2019-09-28 21:15:12.000;+55(22)2323-2426
142;Silvio gabriel;silvio-gabriel_142@gmail.com;2019-10-04 09:47:21.000;+55(22)3026-2123
143;mantega;mantega_143@gmail.com;2019-10-04 09:58:59.000;+55(24)3020-2129
144;JOSÃ? CARLOS DA SILVA LEITE;jose-carlos-da-silva-leite_144@gmail.com;2019-10-06 11:24:26.000;+55(21)2921-2127
145;Dante Hugo Ayres CÃ¢ncio;dante-hugo-ayres-cancio_145@gmail.com;2019-10-06 13:36:49.000;+55(20)2421-2129
146;FELIPE EMANUEL DA SILVA CORREIA;felipe-emanuel-da-silva-correia_146@gmail.com;2019-10-06 15:24:39.000;+55(25)2020-2820
147;Matheus lira;matheus-lira_147@gmail.com;2019-10-07 18:20:17.000;+55(25)2725-3020
148;Delmiro;delmiro_148@gmail.com;2019-10-08 10:51:34.000;+55(21)2328-2922
149;Junior flexal;junior-flexal_149@gmail.com;2019-10-08 10:56:01.000;+55(28)2830-3022
150;Jean;jean_150@gmail.com;2019-10-13 17:50:27.000;+55(30)2028-2130
151;Fabricio;fabricio_151@gmail.com;2019-10-14 18:16:27.000;+55(20)2121-2326
152;Bandeja;bandeja_152@gmail.com;2019-10-16 10:03:12.000;+55(24)2727-2527
153;DANTE HUGO BRANDAO AYRES JUNIOR;dante-hugo-brandao-ayres-junior_153@gmail.com;2019-10-16 23:09:46.000;+55(30)2430-2227
154;Marquinho;marquinho_154@gmail.com;2019-10-21 15:02:48.000;+55(20)2327-2427
155;Jadir rodrigues;jadir-rodrigues_155@gmail.com;2019-10-22 13:25:27.000;+55(22)2430-2526
156;Ronaldo Rabello;ronaldo-rabello_156@gmail.com;2019-10-25 14:26:36.000;+55(25)3026-2124
157;Alexandre Santos;alexandre-santos_157@gmail.com;2019-10-26 13:48:48.000;+55(27)2825-2325
158;Cassio;cassio_158@gmail.com;2019-10-28 09:37:58.000;+55(29)3024-2522
159;Arena;arena_159@gmail.com;2019-10-31 15:56:40.000;+55(28)2127-2623
160;Genival rufino neres dos santos;genival-rufino-neres-dos-santos_160@gmail.com;2019-10-31 17:13:50.000;+55(25)2225-2922
161;Carlos Henrique da ConceiÃ§Ã£o Almeida;carlos-henrique-da-conceicao-almeida_161@gmail.com;2019-10-31 22:12:39.000;+55(22)2129-2630
162;Lucas daniel;lucas-daniel_162@gmail.com;2019-11-01 09:02:10.000;+55(29)2528-2721
163;Emanoel;emanoel_163@gmail.com;2019-11-01 18:45:55.000;+55(23)2127-2224
196;JosÃ© Lourinaldo de Melo JÃºnior;jose-lourinaldo-de-melo-junior_196@gmail.com;2019-11-06 06:07:07.000;+55(23)2627-2620
197;Leandro;leandro_197@gmail.com;2019-11-06 10:56:21.000;+55(21)2720-2820
198;Welson Barbosa da Silva;welson-barbosa-da-silva_198@gmail.com;2019-11-06 12:04:39.000;+55(21)2623-2226
199;Samuel;samuel_199@gmail.com;2019-11-07 10:10:30.000;+55(25)2625-2826
200;Edrizzio matheus;edrizzio-matheus_200@gmail.com;2019-11-09 23:21:44.000;+55(26)2828-2728
201;Mateus Lucas;mateus-lucas_201@gmail.com;2019-11-10 13:33:08.000;+55(28)2230-2120
202;Andson Santos Marques da Silva;andson-santos-marques-da-silva_202@gmail.com;2019-11-10 14:02:34.000;+55(25)3020-3021
203;betbol;betbol_203@gmail.com;2019-11-11 16:26:04.000;+55(26)2121-2027
204;Emerson Ferreira da Silva;emerson-ferreira-da-silva_204@gmail.com;2019-11-16 07:11:46.000;+55(27)2629-3023
205;Roberto Teles TenÃ³rio;roberto-teles-tenorio_205@gmail.com;2019-11-18 09:24:57.000;+55(26)2424-2122
206;ivanilton tojal da silva Nascimento nogueira;ivanilton-tojal-da-silva-nascimento-nogueira_206@gmail.com;2019-11-20 20:07:51.000;+55(28)2822-2922
207;Fernando Antonio Lima Dos Santos;fernando-antonio-lima-dos-santos_207@gmail.com;2019-11-22 12:25:59.000;+55(23)2930-2228
208;FLAVIO MAIA GOMES NETO;flavio-maia-gomes-neto_208@gmail.com;2019-11-23 15:54:28.000;+55(21)2429-2821
209;Jefferson;jefferson_209@gmail.com;2019-11-27 07:50:00.000;+55(29)2928-2525
210;Darlan InÃ¡cio Costa;darlan-inacio-costa_210@gmail.com;2019-11-28 21:21:08.000;+55(30)2622-3020
211;Alan severino mendes de souza;alan-severino-mendes-de-souza_211@gmail.com;2019-12-02 23:29:14.000;+55(25)2323-2822
212;Cassiano;cassiano_212@gmail.com;2019-12-05 18:48:10.000;+55(29)2325-2321
245;Bruno;bruno_245@gmail.com;2019-12-11 03:53:39.000;+55(21)2927-2130
246;Halysson Bruno de Almeida Silva;halysson-bruno-de-almeida-silva_246@gmail.com;2019-12-11 19:28:06.000;+55(23)2125-2629
247;Joseildo Carlos de Lima;joseildo-carlos-de-lima_247@gmail.com;2019-12-12 16:30:11.000;+55(23)2626-2526
248;Daniel;daniel_248@gmail.com;2019-12-12 20:54:51.000;+55(22)2328-2725
249;Regina Martins;regina-martins_249@gmail.com;2019-12-13 15:34:10.000;+55(20)2620-2529
250;Adriano AragÃ£o GonÃ§alves;adriano-aragao-goncalves_250@gmail.com;2019-12-20 09:50:22.000;+55(21)2129-2923
251;SANTOS;santos_251@gmail.com;2019-12-21 16:36:05.000;+55(20)2229-2127
252;MaurÃ­cio;mauricio_252@gmail.com;2019-12-22 11:06:22.000;+55(23)2227-2124
253;Wanderley Gomes;wanderley-gomes_253@gmail.com;2019-12-22 14:37:23.000;+55(24)2727-2520
254;Sergio Gomes dos santos;sergio-gomes-dos-santos_254@gmail.com;2019-12-22 20:51:29.000;+55(29)3021-2124
255;Joseildo;joseildo_255@gmail.com;2019-12-25 08:15:54.000;+55(26)2729-2729
256;Joseildo;joseildo_256@gmail.com;2019-12-25 08:50:00.000;+55(27)3028-2023
257;Kalmir Tomaz da Silva;kalmir-tomaz-da-silva_257@gmail.com;2020-01-02 15:24:06.000;+55(21)2729-2023
258;Pedro Toledo de Vasconcelos Neto;pedro-toledo-de-vasconcelos-neto_258@gmail.com;2020-01-06 21:32:51.000;+55(25)2430-2725
259;Jeanderson Carlos Rodrigues Oliveira;jeanderson-carlos-rodrigues-oliveira_259@gmail.com;2020-01-15 12:26:29.000;+55(24)2522-2128
260;Jon;jon_260@gmail.com;2020-01-20 07:20:31.000;+55(22)2621-2720
261;Sergio gomes;sergio-gomes_261@gmail.com;2020-01-21 22:36:07.000;+55(27)2621-2924
262;JosÃ© Carlos;jose-carlos_262@gmail.com;2020-01-21 23:38:38.000;+55(21)2525-2826
263;RogÃ©rio  Santana alves;rogerio-santana-alves_263@gmail.com;2020-01-24 23:33:42.000;+55(20)3025-2228
264;Joao paulo;joao-paulo_264@gmail.com;2020-01-27 19:21:01.000;+55(23)3027-2325
265;MÃ¡rio;mario_265@gmail.com;2020-01-30 13:28:41.000;+55(20)2126-2529
266;Tiozao;tiozao_266@gmail.com;2020-01-31 13:14:44.000;+55(23)3025-2728
267;Wilson;wilson_267@gmail.com;2020-02-04 10:30:25.000;+55(24)2325-2429
268;Diego dos santos;diego-dos-santos_268@gmail.com;2020-02-05 12:52:51.000;+55(28)2229-2723
269;JosÃ© Edivaldo ferreira de Miranda;jose-edivaldo-ferreira-de-miranda_269@gmail.com;2020-02-09 10:28:47.000;+55(29)2622-2321
284;Jonathan Ruan da Silva oliveira;jonathan-ruan-da-silva-oliveira_284@gmail.com;2020-02-16 15:07:27.000;+55(24)2720-2724
298;Joao Vitor Santos da Silva;joao-vitor-santos-da-silva_298@gmail.com;2020-02-16 18:19:58.000;+55(27)2327-2227
299;"Ikaro Ferreira Gouveia ";ikaro-ferreira-gouveia_299@gmail.com;2020-02-18 12:39:02.000;+55(27)2026-2626
300;Fabio Santos Correia;fabio-santos-correia_300@gmail.com;2020-02-19 13:45:12.000;+55(20)2330-2129
333;Rafael de Oliveira Gomes;rafael-de-oliveira-gomes_333@gmail.com;2020-03-08 07:59:21.000;+55(28)2823-2425
334;Janio;janio_334@gmail.com;2020-03-09 22:18:59.000;+55(20)2423-2822
335;Marcelo;marcelo_335@gmail.com;2020-05-09 19:57:23.000;+55(24)2424-2020
368;Anderson;anderson_368@gmail.com;2020-05-19 00:47:21.000;+55(29)2420-2128
369;Leandro Artur;leandro-artur_369@gmail.com;2020-05-20 16:31:56.000;+55(22)2828-2321
371;JosÃ© Geovane da Silva;jose-geovane-da-silva_371@gmail.com;2020-05-28 17:45:42.000;+55(27)2827-2425
381;Janderson;janderson_381@gmail.com;2020-06-10 10:47:58.000;+55(24)2628-2227
385;testesss;testesss_385@gmail.com;2020-06-10 15:25:24.000;+55(25)2727-2325
386;Ricardo;ricardo_386@gmail.com;2020-06-14 15:38:26.000;+55(23)2729-2725
387;JosÃ© ClÃ¡udio Antonione Silva do Carmo;jose-claudio-antonione-silva-do-carmo_387@gmail.com;2020-06-28 10:56:30.000;+55(30)2321-2025
388;Nicolas Martinelli Monteiro De Omena Martins;nicolas-martinelli-monteiro-de-omena-martins_388@gmail.com;2020-07-02 00:12:58.000;+55(23)2825-2225
389;Erico Buarque;erico-buarque_389@gmail.com;2020-07-06 12:52:07.000;+55(21)2930-3022
390;Elielson;elielson_390@gmail.com;2020-07-07 10:12:29.000;+55(24)2926-2730
391;Nildo sarmento;nildo-sarmento_391@gmail.com;2020-07-08 22:31:23.000;+55(26)2424-2723
393;Leandro;leandro_393@gmail.com;2020-07-15 07:42:14.000;+55(20)2026-2520
394;Satunino;satunino_394@gmail.com;2020-07-19 22:14:58.000;+55(21)2030-2729
395;Santos;santos_395@gmail.com;2020-07-19 22:41:53.000;+55(22)2523-2728
396;Silva;silva_396@gmail.com;2020-07-19 22:42:42.000;+55(25)2420-2123
397;Afonso dos santos;afonso-dos-santos_397@gmail.com;2020-07-27 09:52:01.000;+55(28)2429-2822
430;Vitor Nicolas Barbosa de Almeida;vitor-nicolas-barbosa-de-almeida_430@gmail.com;2020-07-31 12:15:02.000;+55(26)2325-2122
432;KARLLYSSON YURY MATOS DE OLIVEIRA;karllysson-yury-matos-de-oliveira_432@gmail.com;2020-08-05 20:59:58.000;+55(20)2930-2724
433;JosÃ© Gabriel Silva Almeida;jose-gabriel-silva-almeida_433@gmail.com;2020-08-08 12:33:15.000;+55(24)2323-2327
434;Miguel Gouveia da silva;miguel-gouveia-da-silva_434@gmail.com;2020-08-09 21:20:11.000;+55(29)2928-2529
435;CÃ­cero Jefferson da Silva Ferreira;cicero-jefferson-da-silva-ferreira_435@gmail.com;2020-08-09 21:45:50.000;+55(27)2726-2327
436;Erick;erick_436@gmail.com;2020-08-09 22:45:50.000;+55(30)2424-2826
437;Dudu;dudu_437@gmail.com;2020-08-14 15:22:47.000;+55(27)2629-3023
438;Tagner Gusmao Marinho;tagner-gusmao-marinho_438@gmail.com;2020-08-15 16:21:14.000;+55(30)2921-2330
439;Ãlvaro jose;alvaro-jose_439@gmail.com;2020-08-23 14:46:39.000;+55(20)2224-2727
440;Nonon;nonon_440@gmail.com;2020-08-26 15:33:30.000;+55(26)2930-2330
441;maria helena;maria-helena_441@gmail.com;2020-08-28 18:02:47.000;+55(29)2524-2226
442;Tony;tony_442@gmail.com;2020-08-31 19:19:56.000;+55(22)3030-2629
443;JUAN CARLOS DA SILVA;juan-carlos-da-silva_443@gmail.com;2020-09-04 12:53:06.000;+55(25)2925-2023
444;Alexsandro  Silva Oliveira;alexsandro-silva-oliveira_444@gmail.com;2020-09-12 21:56:16.000;+55(20)3028-2720
445;Lilian Stephanie dos santos lima;lilian-stephanie-dos-santos-lima_445@gmail.com;2020-09-13 13:07:47.000;+55(26)2820-2221
446;Frederico;frederico_446@gmail.com;2020-09-17 23:37:41.000;+55(27)2927-2529
447;Kelton jerffeson flor de melo;kelton-jerffeson-flor-de-melo_447@gmail.com;2020-09-23 02:31:17.000;+55(27)2921-2427
448;Luiz carlos da silva;luiz-carlos-da-silva_448@gmail.com;2020-09-24 19:30:16.000;+55(24)2220-2621
449;AndrÃ© Victor flor de melo;andre-victor-flor-de-melo_449@gmail.com;2020-09-27 15:40:59.000;+55(30)2220-2522
450;JosÃ© Luiz de AraÃºjo Tavares;jose-luiz-de-araujo-tavares_450@gmail.com;2020-09-28 20:38:06.000;+55(28)2626-2230
451;Walter rosa do nascimento;walter-rosa-do-nascimento_451@gmail.com;2020-09-30 00:02:29.000;+55(26)2025-3020
452;Fabiano;fabiano_452@gmail.com;2020-09-30 12:21:17.000;+55(29)2830-2924
453;Taciano MendonÃ§a da Silva;taciano-mendonca-da-silva_453@gmail.com;2020-09-30 18:51:03.000;+55(22)2326-2526
454;Vanuza Joca dos santos;vanuza-joca-dos-santos_454@gmail.com;2020-10-01 12:11:14.000;+55(29)2329-3030
455;Iranilson Pereira da Silva;iranilson-pereira-da-silva_455@gmail.com;2020-10-05 21:36:04.000;+55(29)2722-2425
488;Rafael Acioli de Oliveira;rafael-acioli-de-oliveira_488@gmail.com;2020-10-07 00:53:47.000;+55(25)2222-2827
489;Rafael Acioli de Oliveira;rafael-acioli-de-oliveira_489@gmail.com;2020-10-07 00:56:23.000;+55(24)2523-3020
490;SAVIO FELIPE PACHECO DE ARAUJO;savio-felipe-pacheco-de-araujo_490@gmail.com;2020-10-23 11:00:47.000;+55(30)2520-3029
491;Teste;teste_491@gmail.com;2020-10-23 12:21:50.000;+55(23)2230-2321
492;Luciano;luciano_492@gmail.com;2020-10-28 19:30:51.000;+55(22)2424-2426
493;antonio;antonio_493@gmail.com;2020-10-30 12:03:38.000;+55(20)2529-2524
494;ana carla;ana-carla_494@gmail.com;2020-10-30 12:05:42.000;+55(22)2629-2030
495;Fagner de almeida oliveira;fagner-de-almeida-oliveira_495@gmail.com;2020-10-31 08:55:46.000;+55(20)2521-3022
496;Fagner oliveira de AraÃºjo;fagner-oliveira-de-araujo_496@gmail.com;2020-11-05 08:18:17.000;+55(26)2029-2620
499;Luiz Pedro Alves dos Santos;luiz-pedro-alves-dos-santos_499@gmail.com;2020-11-14 09:28:14.000;+55(25)2530-2629
501;Jadielson JosÃ© Souza da Silva;jadielson-jose-souza-da-silva_501@gmail.com;2020-11-14 09:35:31.000;+55(28)2121-2525
502;Mathias;mathias_502@gmail.com;2020-11-14 09:41:49.000;+55(30)2523-2630
505;Marcos Willian Silva Cavalcanti;marcos-willian-silva-cavalcanti_505@gmail.com;2020-11-14 09:52:40.000;+55(29)2220-2023
506;Nildo;nildo_506@gmail.com;2020-11-14 10:15:58.000;+55(29)2522-2425
516;VALNEI REGO DOS SANTOS;valnei-rego-dos-santos_516@gmail.com;2020-11-25 00:39:39.000;+55(27)2928-2124
518;JoÃ£o Bosco;joao-bosco_518@gmail.com;2020-11-29 17:55:27.000;+55(30)2423-2920
520;Raphael Luis GonÃ§alves;raphael-luis-goncalves_520@gmail.com;2020-12-05 14:37:44.000;+55(21)2122-2820
521;Evelyn;evelyn_521@gmail.com;2020-12-05 22:01:47.000;+55(21)2021-2723
522;fabio ferreira da silva;fabio-ferreira-da-silva_522@gmail.com;2020-12-06 09:10:19.000;+55(24)2123-2225
523;Moab Fireman;moab-fireman_523@gmail.com;2020-12-06 14:20:43.000;+55(29)2124-3025
524;elvis patricio;elvis-patricio_524@gmail.com;2020-12-07 22:30:01.000;+55(26)2824-3020
526;tiririca;tiririca_526@gmail.com;2020-12-08 18:04:55.000;+55(21)2530-2521
527;Edvaldo;edvaldo_527@gmail.com;2020-12-08 18:56:34.000;+55(27)2927-2020
528;Aparecido;aparecido_528@gmail.com;2020-12-12 17:02:38.000;+55(26)2721-2828
529;Geliane fireman honorio;geliane-fireman-honorio_529@gmail.com;2020-12-13 14:57:53.000;+55(30)2122-2925
530;Jalison Eulino Da Silva;jalison-eulino-da-silva_530@gmail.com;2020-12-15 18:40:23.000;+55(22)2721-2727
531;nadilsom;nadilsom_531@gmail.com;2020-12-17 09:45:50.000;+55(27)2626-2027
533;Sergio Vicente felipe;sergio-vicente-felipe_533@gmail.com;2020-12-18 17:33:23.000;+55(25)2124-2527
534;Thay;thay_534@gmail.com;2020-12-18 23:10:58.000;+55(29)2327-2626
567;Luis Carlos da Silva;luis-carlos-da-silva_567@gmail.com;2020-12-29 22:42:31.000;+55(29)2923-2425
569;Amanda dos Santos Almeida;amanda-dos-santos-almeida_569@gmail.com;2021-01-06 17:59:47.000;+55(28)2020-2924
570;Ednelson ramalho amorim;ednelson-ramalho-amorim_570@gmail.com;2021-01-08 10:46:08.000;+55(30)2921-2026
571;JosÃ© ivanildo santana de almeida Junior;jose-ivanildo-santana-de-almeida-junior_571@gmail.com;2021-01-12 10:45:13.000;+55(20)2130-2830
573;JosÃ© gilvanio Souza Santos;jose-gilvanio-souza-santos_573@gmail.com;2021-01-22 01:59:50.000;+55(28)2227-2729
575;Emerson Victor lira de Souza;emerson-victor-lira-de-souza_575@gmail.com;2021-01-24 15:49:32.000;+55(20)2329-2930
576;JosÃ© Edson da ConceiÃ§Ã£o;jose-edson-da-conceicao_576@gmail.com;2021-01-30 18:52:37.000;+55(23)2027-2026
578;Kemerson emanuel Santiago de Oliveira;kemerson-emanuel-santiago-de-oliveira_578@gmail.com;2021-02-03 17:22:29.000;+55(20)2830-2027
579;Weverton Luiz dos Santos;weverton-luiz-dos-santos_579@gmail.com;2021-02-05 23:00:17.000;+55(28)2322-2225
580;Fagner jose dos santos;fagner-jose-dos-santos_580@gmail.com;2021-02-06 22:47:04.000;+55(24)2624-2029
581;victor mateus rodrigues de souza;victor-mateus-rodrigues-de-souza_581@gmail.com;2021-02-07 13:23:55.000;+55(21)2430-2720
582;Nielton da Silva Santos;nielton-da-silva-santos_582@gmail.com;2021-02-08 21:11:22.000;+55(27)2028-2828
583;Nadilcio;nadilcio_583@gmail.com;2021-02-08 21:20:23.000;+55(27)2129-2426
584;Liliane soares da silva;liliane-soares-da-silva_584@gmail.com;2021-02-10 16:15:30.000;+55(21)2024-2520
585;Jeine maria;jeine-maria_585@gmail.com;2021-02-11 20:49:04.000;+55(27)2528-2523
586;Armando Teles da Silva;armando-teles-da-silva_586@gmail.com;2021-02-12 12:20:14.000;+55(27)2720-2230
587;Wagner;wagner_587@gmail.com;2021-02-14 10:56:25.000;+55(28)2620-2421
625;teste2;teste2_625@gmail.com;2021-02-20 23:54:57.000;+55(28)2424-2720
626;Moab Tenorio;moab-tenorio_626@gmail.com;2021-02-21 11:49:26.000;+55(29)2921-2730
627;Jose Franciusci;jose-franciusci_627@gmail.com;2021-02-21 11:53:39.000;+55(29)2222-2227
635;Emerson;emerson_635@gmail.com;2021-03-03 20:03:31.000;+55(20)2224-2829
636;Edy Navarro;edy-navarro_636@gmail.com;2021-03-04 08:29:03.000;+55(30)3024-2821
637;Crislane luiz da Silva;crislane-luiz-da-silva_637@gmail.com;2021-03-07 00:11:09.000;+55(30)2821-2024
638;Italo;italo_638@gmail.com;2021-03-15 20:19:48.000;+55(25)2323-2424
639;Sindini vieira dos santos;sindini-vieira-dos-santos_639@gmail.com;2021-03-21 13:07:04.000;+55(28)2126-2123
640;Darlison;darlison_640@gmail.com;2021-03-25 12:47:16.000;+55(25)2322-2125
641;Priscila Felix do Amaral;priscila-felix-do-amaral_641@gmail.com;2021-03-28 15:46:57.000;+55(30)2227-2428
642;Weverton;weverton_642@gmail.com;2021-03-29 10:41:43.000;+55(24)2320-2229
643;Djalma Macena da Silva;djalma-macena-da-silva_643@gmail.com;2021-03-30 13:19:21.000;+55(29)2726-2925
644;Aquila santos;aquila-santos_644@gmail.com;2021-04-04 11:06:24.000;+55(23)2121-2721
645;Marcio Roberto Santos;marcio-roberto-santos_645@gmail.com;2021-04-09 15:20:43.000;+55(22)2827-2620
646;Jardiane;jardiane_646@gmail.com;2021-04-17 14:05:16.000;+55(29)2630-2723
647;Cicera;cicera_647@gmail.com;2021-04-17 14:10:23.000;+55(30)2020-2526
648;Iran dos santos Silva;iran-dos-santos-silva_648@gmail.com;2021-04-19 23:15:29.000;+55(28)2222-2123
649;Avaci Militao Donato santos;avaci-militao-donato-santos_649@gmail.com;2021-05-04 22:59:59.000;+55(24)2123-2721
650;Wellington junio FranÃ§a de almeida;wellington-junio-franca-de-almeida_650@gmail.com;2021-05-05 21:50:42.000;+55(29)2927-2720
651;JÃºlio;julio_651@gmail.com;2021-05-07 19:56:20.000;+55(23)2826-2923
652;Maria Michelle dos Santos Goiana;maria-michelle-dos-santos-goiana_652@gmail.com;2021-05-08 21:16:48.000;+55(28)2226-2723
653;Maria Aparecida liandra Gomes de Oliveira;maria-aparecida-liandra-gomes-de-oliveira_653@gmail.com;2021-05-09 19:35:49.000;+55(30)2823-2622
654;JosÃ© Carlos Elias de andrade;jose-carlos-elias-de-andrade_654@gmail.com;2021-05-10 12:09:15.000;+55(27)2627-2827
655;Vitoria Regina CÃ¢ndida dos Santos Silva;vitoria-regina-candida-dos-santos-silva_655@gmail.com;2021-05-10 15:16:08.000;+55(23)2423-2823
656;Adryelle Silva dos Santos;adryelle-silva-dos-santos_656@gmail.com;2021-05-10 15:39:47.000;+55(25)2525-2821
657;Erilane Da Silva;erilane-da-silva_657@gmail.com;2021-05-10 19:41:03.000;+55(30)2620-3026
658;Henrique;henrique_658@gmail.com;2021-05-11 08:17:05.000;+55(24)2228-3020
659;alex sandro pereira da silva;alex-sandro-pereira-da-silva_659@gmail.com;2021-05-19 01:29:20.000;+55(24)2229-2022
660;Sandra Paula dos Santos silva;sandra-paula-dos-santos-silva_660@gmail.com;2021-05-19 22:33:09.000;+55(22)2029-2124
661;JoÃ£o Gabriel Santos Silva;joao-gabriel-santos-silva_661@gmail.com;2021-05-20 18:17:50.000;+55(30)2129-2927
662;Jose Jackson Marques dos Santos;jose-jackson-marques-dos-santos_662@gmail.com;2021-05-21 12:33:17.000;+55(22)2424-3029
663;Jackson;jackson_663@gmail.com;2021-05-21 14:15:01.000;+55(27)2125-2121
664;Willams;willams_664@gmail.com;2021-05-21 21:02:41.000;+55(26)2030-2529
665;Inho;inho_665@gmail.com;2021-05-21 21:18:39.000;+55(25)2721-2730
666;Jarlan;jarlan_666@gmail.com;2021-05-21 21:20:27.000;+55(28)2029-2925
667;fabio76;fabio76_667@gmail.com;2021-05-21 21:22:09.000;+55(23)2325-3022
668;Oliveira.;oliveira_668@gmail.com;2021-05-21 21:24:08.000;+55(24)2624-2420
669;Carioca;carioca_669@gmail.com;2021-05-21 21:25:21.000;+55(22)2324-2124
671;Leonardo;leonardo_671@gmail.com;2021-05-21 21:28:56.000;+55(29)2328-2922
672;Flavio;flavio_672@gmail.com;2021-05-21 21:30:11.000;+55(20)2428-2021
673;Marli simao de Oliveira;marli-simao-de-oliveira_673@gmail.com;2021-05-21 21:55:05.000;+55(26)2524-2326
674;Oliveira;oliveira_674@gmail.com;2021-05-24 10:23:36.000;+55(25)2229-2728
675;Josuel laurentino Da Silva;josuel-laurentino-da-silva_675@gmail.com;2021-05-25 13:06:11.000;+55(21)2520-2623
676;duda;duda_676@gmail.com;2021-05-26 00:52:04.000;+55(20)2526-2328
677;Daylisson;daylisson_677@gmail.com;2021-05-26 00:54:08.000;+55(26)2727-2828
678;Tamiris;tamiris_678@gmail.com;2021-05-30 19:51:59.000;+55(30)2520-2026
679;ThainÃ¡ Batista dos Santos;thaina-batista-dos-santos_679@gmail.com;2021-05-30 23:36:30.000;+55(20)3029-2925
680;Vitor Litrenta;vitor-litrenta_680@gmail.com;2021-05-31 12:49:14.000;+55(30)2429-3028
681;ALBERT KELVIN FARIAS LIMA;albert-kelvin-farias-lima_681@gmail.com;2021-05-31 19:25:52.000;+55(22)2921-2720
682;Ely SÃ©rgio da Silva Medeiros;ely-sergio-da-silva-medeiros_682@gmail.com;2021-06-02 16:26:26.000;+55(25)3030-2721
683;Ana Carolina Ferreira Alves;ana-carolina-ferreira-alves_683@gmail.com;2021-06-02 18:25:28.000;+55(29)2128-2123
684;Rogerio capela fontes;rogerio-capela-fontes_684@gmail.com;2021-06-03 12:03:25.000;+55(28)2926-3021
685;Maciel;maciel_685@gmail.com;2021-06-04 09:15:35.000;+55(28)3021-2721
686;Ronaldo Da Silva lima;ronaldo-da-silva-lima_686@gmail.com;2021-06-06 19:09:27.000;+55(24)2721-2221
687;JHONATHAN BEZERRA CORDEIRO;jhonathan-bezerra-cordeiro_687@gmail.com;2021-06-08 21:35:44.000;+55(22)2021-2520
688;Jhonathan bezerra;jhonathan-bezerra_688@gmail.com;2021-06-08 21:40:27.000;+55(28)2925-2322
689;Jhon;jhon_689@gmail.com;2021-06-11 12:57:56.000;+55(25)2527-2425
690;ERINALDO;erinaldo_690@gmail.com;2021-06-12 13:19:34.000;+55(27)2725-2226
691;Tone Ramos Da Silva JÃºnior;tone-ramos-da-silva-junior_691@gmail.com;2021-06-13 15:24:37.000;+55(27)2024-2830
692;Ewerthon Oliveira da Silva;ewerthon-oliveira-da-silva_692@gmail.com;2021-06-13 20:27:11.000;+55(25)2627-2227
693;Lizia yohanna;lizia-yohanna_693@gmail.com;2021-06-13 20:31:27.000;+55(30)2626-3027
694;Lucas;lucas_694@gmail.com;2021-06-14 16:57:19.000;+55(20)2124-3021
695;Adelto Paulo Da silva;adelto-paulo-da-silva_695@gmail.com;2021-06-14 18:05:18.000;+55(22)2721-2321
696;John coltt da silva teixeira;john-coltt-da-silva-teixeira_696@gmail.com;2021-06-16 15:37:37.000;+55(21)2520-2029
697;Gisele Bernardo Dos Santos;gisele-bernardo-dos-santos_697@gmail.com;2021-06-19 17:12:57.000;+55(20)2729-2523
698;Eronildes JÃºnior;eronildes-junior_698@gmail.com;2021-06-20 11:48:33.000;+55(28)2129-3024
699;Diego ConceiÃ§Ã£o Fagundes;diego-conceicao-fagundes_699@gmail.com;2021-06-23 11:41:55.000;+55(28)2327-2829
700;JosÃ© avany Cavalcante JÃºnior;jose-avany-cavalcante-junior_700@gmail.com;2021-06-23 19:09:44.000;+55(20)2026-2924
701;Claudia Tenorio Dos Santos;claudia-tenorio-dos-santos_701@gmail.com;2021-06-24 13:47:06.000;+55(21)2021-2026
702;Aurijean Ferreira Barros;aurijean-ferreira-barros_702@gmail.com;2021-06-25 23:05:01.000;+55(23)2730-2729
703;Jorge;jorge_703@gmail.com;2021-06-29 16:00:41.000;+55(24)2526-2427
704;Gustavo de FranÃ§a Santos da Silva;gustavo-de-franca-santos-da-silva_704@gmail.com;2021-06-30 07:40:38.000;+55(20)2625-2821
705;PatrÃ­cio Araujo Barbosa;patricio-araujo-barbosa_705@gmail.com;2021-06-30 14:56:35.000;+55(23)2230-2022
706;Ibson silveira prado;ibson-silveira-prado_706@gmail.com;2021-06-30 19:21:53.000;+55(22)2923-2230
707;Yago rafael Braga;yago-rafael-braga_707@gmail.com;2021-06-30 21:11:23.000;+55(20)3028-3025
708;Rodrigo sakaa;rodrigo-sakaa_708@gmail.com;2021-07-01 12:45:37.000;+55(30)3025-2520
709;DOUGLAS FERNANDES DA SILVA;douglas-fernandes-da-silva_709@gmail.com;2021-07-01 15:54:32.000;+55(30)2820-2229
710;JacÃ³ do carmo caetano;jaco-do-carmo-caetano_710@gmail.com;2021-07-04 09:30:03.000;+55(21)2923-2624
711;Edson;edson_711@gmail.com;2021-07-10 14:10:13.000;+55(22)2330-2724
712;Wellington;wellington_712@gmail.com;2021-07-11 17:29:57.000;+55(30)2230-2421
713;Wagner;wagner_713@gmail.com;2021-07-12 10:15:41.000;+55(30)2928-2220
714;Zekinha;zekinha_714@gmail.com;2021-07-18 15:08:27.000;+55(25)2921-2021
715;Zekinha;zekinha_715@gmail.com;2021-07-18 15:10:46.000;+55(21)2124-2026
716;Samteste;samteste_716@gmail.com;2021-07-21 23:03:14.000;+55(30)3023-2426
717;Rodolfo;rodolfo_717@gmail.com;2021-07-24 11:36:03.000;+55(24)2821-2628
718;Eduardo;eduardo_718@gmail.com;2021-07-28 20:18:59.000;+55(21)2530-3025
719;Luiz Carlos;luiz-carlos_719@gmail.com;2021-07-28 23:24:49.000;+55(24)2825-2020
720;Renan;renan_720@gmail.com;2021-08-04 22:38:58.000;+55(23)2124-2628
721;Kleber;kleber_721@gmail.com;2021-08-11 18:25:28.000;+55(23)3024-2327
722;Yago;yago_722@gmail.com;2021-08-16 00:21:21.000;+55(24)2128-2425
723;"Sim ";sim_723@gmail.com;2021-08-16 16:14:23.000;+55(24)2425-2530
724;Americo Neto Alves;americo-neto-alves_724@gmail.com;2021-08-19 20:52:28.000;+55(30)2422-2625
725;Americo Neto Alves de Sousa;americo-neto-alves-de-sousa_725@gmail.com;2021-08-19 21:00:48.000;+55(25)2428-2030
726;Leo;leo_726@gmail.com;2021-08-21 00:19:59.000;+55(26)2530-2424
727;NatÃ£;nata_727@gmail.com;2021-08-22 03:25:19.000;+55(28)3028-2522
728;"Adatangelo ";adatangelo_728@gmail.com;2021-08-26 09:34:45.000;+55(20)2524-3028
729;Anderson;anderson_729@gmail.com;2021-08-28 18:35:27.000;+55(30)2022-2327
730;Wesley;wesley_730@gmail.com;2021-08-29 21:31:48.000;+55(30)2320-2621
731;Wellington almeida da silva;wellington-almeida-da-silva_731@gmail.com;2021-09-03 18:16:21.000;+55(23)2125-2727
732;Luik;luik_732@gmail.com;2021-09-03 22:08:07.000;+55(22)2829-2621
733;Raimundo Silva Pereira;raimundo-silva-pereira_733@gmail.com;2021-09-06 20:52:25.000;+55(25)2830-2829
734;Sallo;sallo_734@gmail.com;2021-09-09 17:48:02.000;+55(24)2427-2227
735;Adrian danner de lemos barbosa;adrian-danner-de-lemos-barbosa_735@gmail.com;2021-09-12 00:29:45.000;+55(27)3024-2825
736;Rafae Silva Santos;rafae-silva-santos_736@gmail.com;2021-09-15 12:42:38.000;+55(29)2922-2920
737;Dalmir;dalmir_737@gmail.com;2021-09-17 07:58:46.000;+55(25)2525-2628
738;VitÃ³ria Pereira;vitoria-pereira_738@gmail.com;2021-09-19 17:07:16.000;+55(20)2324-2824
739;Ana Lucia;ana-lucia_739@gmail.com;2021-09-22 12:30:31.000;+55(26)2522-3021
740;Fhabyo Albuquerque;fhabyo-albuquerque_740@gmail.com;2021-09-22 18:30:31.000;+55(30)2321-2730
741;WILKE DOS SANTOS CALIXTO;wilke-dos-santos-calixto_741@gmail.com;2021-09-23 13:15:14.000;+55(29)2026-2929
742;Roginelly;roginelly_742@gmail.com;2021-09-24 13:28:53.000;+55(20)2221-2724
743;JoÃ£o Paulo MagalhÃ£es;joao-paulo-magalhaes_743@gmail.com;2021-09-26 17:04:32.000;+55(22)2129-2229
776;Marcelo;marcelo_776@gmail.com;2021-09-27 18:16:53.000;+55(24)2329-2329
777;Jose roberto bezerra de souza;jose-roberto-bezerra-de-souza_777@gmail.com;2021-09-27 22:24:47.000;+55(20)2229-2721
778;Karine dos santos;karine-dos-santos_778@gmail.com;2021-09-28 10:43:04.000;+55(29)2622-2030
779;Karolayne Monteiro Diniz Rodrigues;karolayne-monteiro-diniz-rodrigues_779@gmail.com;2021-09-28 15:34:10.000;+55(30)3022-3029
780;LIVIA RANYELLE DE ARAUJO SALUSTIANO;livia-ranyelle-de-araujo-salustiano_780@gmail.com;2021-09-29 20:59:46.000;+55(29)2825-2024
781;LAURIANE RAMOS DA SILVA;lauriane-ramos-da-silva_781@gmail.com;2021-10-02 01:17:12.000;+55(22)2225-2223
782;Marcelo Oliveira Da Silva;marcelo-oliveira-da-silva_782@gmail.com;2021-10-02 13:45:15.000;+55(29)2920-2529
783;Renato Soares;renato-soares_783@gmail.com;2021-10-03 14:56:44.000;+55(23)2022-2125
784;Renato Bol365;renato-bol365_784@gmail.com;2021-10-03 15:15:01.000;+55(20)2630-2925
785;JosÃ© Tiago Nunes Dos santos;jose-tiago-nunes-dos-santos_785@gmail.com;2021-10-05 03:45:10.000;+55(25)2722-2123
786;Adriana Aureliano Da Silva;adriana-aureliano-da-silva_786@gmail.com;2021-10-05 20:43:28.000;+55(27)2523-2830
787;Niely Alves Ramos;niely-alves-ramos_787@gmail.com;2021-10-07 18:08:51.000;+55(30)2022-2723
788;Severinojogos;severinojogos_788@gmail.com;2021-10-08 15:38:03.000;+55(26)2825-2729
789;Cleber da Silva lins;cleber-da-silva-lins_789@gmail.com;2021-10-09 17:08:42.000;+55(30)2529-2327
790;Jose Adriano da Silva;jose-adriano-da-silva_790@gmail.com;2021-10-09 18:15:11.000;+55(26)2725-2826
791;Adriano silva;adriano-silva_791@gmail.com;2021-10-09 18:21:44.000;+55(29)2528-3026
792;Adriano;adriano_792@gmail.com;2021-10-09 18:28:59.000;+55(21)2424-3024
793;Mylena Miranda Ferreira;mylena-miranda-ferreira_793@gmail.com;2021-10-20 11:30:47.000;+55(27)2623-2725
826;Jefferson Teixeira da Silva;jefferson-teixeira-da-silva_826@gmail.com;2021-10-20 22:18:41.000;+55(27)2828-2724
827;DEYVID RAMOS SILVA;deyvid-ramos-silva_827@gmail.com;2021-10-27 22:32:50.000;+55(26)3024-2021
828;ð?¾ð??ð?ð?ð??ð??;_828@gmail.com;2021-10-29 23:43:37.000;+55(22)2625-2925
829;LUIZ DIOGO DE SOUZA SILVA;luiz-diogo-de-souza-silva_829@gmail.com;2021-10-31 09:41:07.000;+55(30)3022-2024
830;Judandi;judandi_830@gmail.com;2021-11-05 12:53:16.000;+55(23)2329-2923
831;Jhonatta;jhonatta_831@gmail.com;2021-11-08 13:51:44.000;+55(22)2729-2727
832;Elder Santos;elder-santos_832@gmail.com;2021-11-08 19:21:09.000;+55(28)2123-2120
833;Denise Maria;denise-maria_833@gmail.com;2021-11-15 11:27:39.000;+55(24)2627-2428
834;Iana Rafaele Santos de Lima;iana-rafaele-santos-de-lima_834@gmail.com;2021-11-17 09:48:17.000;+55(30)2030-2428
867;AlÃ­cia Marinho Santos;alicia-marinho-santos_867@gmail.com;2021-11-19 13:51:08.000;+55(20)2829-2227
868;Thiago Francisco;thiago-francisco_868@gmail.com;2021-11-21 16:39:47.000;+55(23)2926-2428
869;Kethely Marlene da Silva;kethely-marlene-da-silva_869@gmail.com;2021-11-24 07:35:29.000;+55(21)2722-2825
870;JosÃ© Gomes Ferreira de Lima junior;jose-gomes-ferreira-de-lima-junior_870@gmail.com;2021-11-24 15:34:24.000;+55(22)2024-2020
871;Barcelona;barcelona_871@gmail.com;2021-11-29 08:36:37.000;+55(23)2426-2727
872;"Mundial ";mundial_872@gmail.com;2021-11-29 08:38:12.000;+55(23)2520-2721
873;DiÃ³genes;diogenes_873@gmail.com;2021-12-16 16:19:45.000;+55(26)2729-2627
906;marcos eduardo buarque anselmo;marcos-eduardo-buarque-anselmo_906@gmail.com;2021-12-28 13:35:17.000;+55(26)2730-2623
907;Azus;azus_907@gmail.com;2021-12-28 16:25:12.000;+55(29)2628-2026
908;Maria Paula Neves de arruda;maria-paula-neves-de-arruda_908@gmail.com;2022-01-03 18:22:05.000;+55(28)2526-2921
909;sssw;sssw_909@gmail.com;2022-01-11 16:22:51.000;+55(23)2321-2425
